look_count,information_fractions,naive_false_positive_rate,obrien_fleming_false_positive_rate,alpha,repetitions
1,[1.0],0.0489,0.0489,0.05,20000
2,"[0.5, 1.0]",0.08615,0.0542,0.05,20000
3,"[0.333333, 0.666667, 1.0]",0.10995,0.0566,0.05,20000
4,"[0.25, 0.5, 0.75, 1.0]",0.12265,0.0565,0.05,20000
5,"[0.2, 0.4, 0.6, 0.8, 1.0]",0.14155,0.05955,0.05,20000
