{
  "valid": true,
  "summary": {
    "g_formula_spec_id": "assisted_onboarding_g_formula_v1",
    "estimator_id": "lpm_g_computation_baseline_risk_v1",
    "cohort_n": 10,
    "treated_n": 6,
    "comparator_n": 4,
    "naive_risk_difference": -0.08333333333333337,
    "manual_ate": -0.39978100191623295,
    "manual_att": -0.39978100191623295,
    "statsmodels_ate": -0.3997810019162327,
    "statsmodels_att": -0.3997810019162327,
    "manual_statsmodels_max_effect_diff": 2.220446049250313e-16,
    "mean_y_if_treated": 0.5400875992335064,
    "mean_y_if_comparator": 0.9398686011497391,
    "model_rank": 4,
    "model_parameter_count": 4,
    "condition_number": 11.506231308818066,
    "residual_rmse": 0.411845545506332,
    "effect_claim_allowed": false,
    "identification_status": "not_identified_due_to_unmeasured_confounding",
    "warning_checks": [
      "linear_probability_predictions_within_probability_bounds",
      "counterfactual_predictions_stay_within_observed_support"
    ],
    "blocking_checks": []
  },
  "cohort": {
    "user_ids": [
      "U001",
      "U002",
      "U003",
      "U004",
      "U005",
      "U006",
      "U007",
      "U010",
      "U011",
      "U012"
    ],
    "naive": {
      "treated_risk": 0.6666666666666666,
      "comparator_risk": 0.75,
      "risk_difference": -0.08333333333333337,
      "treated_n": 6,
      "comparator_n": 4
    }
  },
  "manual_ols": {
    "coefficients": {
      "intercept": 0.35655625513276695,
      "treatment": -0.3997810019162329,
      "baseline_risk_score": 0.11716397481522021,
      "specialist_capacity": 0.2906104571584999
    },
    "rank": 4,
    "condition_number": 11.506231308818066,
    "residual_rmse": 0.411845545506332,
    "residual_sum_squares": 1.6961675335340818
  },
  "statsmodels_ols": {
    "coefficients": {
      "intercept": 0.3565562551327669,
      "treatment": -0.39978100191623267,
      "baseline_risk_score": 0.11716397481522027,
      "specialist_capacity": 0.29061045715850015
    },
    "robust_standard_errors": {
      "intercept": 0.8381763870068567,
      "treatment": 0.7313265787002569,
      "baseline_risk_score": 0.20340849760434773,
      "specialist_capacity": 0.4173215307248726
    },
    "nobs": 10,
    "df_resid": 6.0,
    "rsquared": 0.1923011745075801
  },
  "standardization": {
    "manual": {
      "potential_outcome_means": {
        "mean_y_if_treated": 0.5400875992335064,
        "mean_y_if_comparator": 0.9398686011497391
      },
      "effects": {
        "ATE": -0.39978100191623295,
        "ATT": -0.39978100191623295
      },
      "standardized_rows": [
        {
          "user_id": "U001",
          "observed_treatment": 1,
          "observed_outcome": 1,
          "baseline_risk_score": 3.95,
          "predicted_y_if_treated": 1.0007938680536537,
          "predicted_y_if_comparator": 1.4005748699698866,
          "individual_contrast": -0.3997810019162329
        },
        {
          "user_id": "U002",
          "observed_treatment": 1,
          "observed_outcome": 1,
          "baseline_risk_score": 2.35,
          "predicted_y_if_treated": 0.8133315083493015,
          "predicted_y_if_comparator": 1.2131125102655345,
          "individual_contrast": -0.399781001916233
        },
        {
          "user_id": "U003",
          "observed_treatment": 1,
          "observed_outcome": 0,
          "baseline_risk_score": 0.8500000000000001,
          "predicted_y_if_treated": 0.6375855461264711,
          "predicted_y_if_comparator": 1.0373665480427041,
          "individual_contrast": -0.399781001916233
        },
        {
          "user_id": "U004",
          "observed_treatment": 1,
          "observed_outcome": 0,
          "baseline_risk_score": 1.3499999999999999,
          "predicted_y_if_treated": 0.40555707637558125,
          "predicted_y_if_comparator": 0.8053380782918143,
          "individual_contrast": -0.399781001916233
        },
        {
          "user_id": "U005",
          "observed_treatment": 0,
          "observed_outcome": 1,
          "baseline_risk_score": -0.8,
          "predicted_y_if_treated": 0.4442649876813577,
          "predicted_y_if_comparator": 0.8440459895975907,
          "individual_contrast": -0.399781001916233
        },
        {
          "user_id": "U006",
          "observed_treatment": 1,
          "observed_outcome": 1,
          "baseline_risk_score": 0.8999999999999999,
          "predicted_y_if_treated": 0.3528332877087322,
          "predicted_y_if_comparator": 0.752614289624965,
          "individual_contrast": -0.39978100191623284
        },
        {
          "user_id": "U007",
          "observed_treatment": 0,
          "observed_outcome": 1,
          "baseline_risk_score": -0.5,
          "predicted_y_if_treated": 0.18880372296742387,
          "predicted_y_if_comparator": 0.5885847248836568,
          "individual_contrast": -0.3997810019162329
        },
        {
          "user_id": "U010",
          "observed_treatment": 1,
          "observed_outcome": 1,
          "baseline_risk_score": 2.1499999999999995,
          "predicted_y_if_treated": 0.7898987133862573,
          "predicted_y_if_comparator": 1.18967971530249,
          "individual_contrast": -0.3997810019162328
        },
        {
          "user_id": "U011",
          "observed_treatment": 0,
          "observed_outcome": 0,
          "baseline_risk_score": 0.049999999999999864,
          "predicted_y_if_treated": 0.253243909115795,
          "predicted_y_if_comparator": 0.6530249110320279,
          "individual_contrast": -0.3997810019162329
        },
        {
          "user_id": "U012",
          "observed_treatment": 0,
          "observed_outcome": 1,
          "baseline_risk_score": -0.20000000000000007,
          "predicted_y_if_treated": 0.5145633725704899,
          "predicted_y_if_comparator": 0.9143443744867228,
          "individual_contrast": -0.3997810019162329
        }
      ]
    },
    "statsmodels": {
      "potential_outcome_means": {
        "mean_y_if_treated": 0.5400875992335069,
        "mean_y_if_comparator": 0.9398686011497397
      },
      "effects": {
        "ATE": -0.3997810019162327,
        "ATT": -0.3997810019162327
      }
    }
  },
  "policy_context": {
    "allowed_sources": [
      "acquisition_channel",
      "app_crashes_before_time_zero",
      "device_tier",
      "friction_score",
      "language",
      "network_quality",
      "onboarding_steps_before_time_zero",
      "platform",
      "region_id",
      "sessions_before_time_zero",
      "specialist_capacity"
    ],
    "bad_controls": [
      "activation_14d",
      "offered_assistance",
      "onboarding_completed_48h",
      "opened_support_chat_after_offer",
      "paid_subscription_30d",
      "telemetry_complete_30d"
    ],
    "candidate_model_audits": [
      {
        "model_id": "lpm_g_computation_baseline_risk_v1",
        "declared_status": "estimable_with_warnings",
        "calculated_status": "estimable_with_warnings",
        "source_variables": [
          "platform",
          "device_tier",
          "acquisition_channel",
          "region_id",
          "language",
          "network_quality",
          "app_crashes_before_time_zero",
          "onboarding_steps_before_time_zero",
          "sessions_before_time_zero",
          "friction_score",
          "specialist_capacity"
        ],
        "filter_variables": [],
        "bad_control_variables": [],
        "omitted_allowed_sources": []
      },
      {
        "model_id": "too_narrow_friction_capacity_model",
        "declared_status": "invalid_omits_required_adjustment_sources",
        "calculated_status": "invalid_omits_required_adjustment_sources",
        "source_variables": [
          "friction_score",
          "specialist_capacity"
        ],
        "filter_variables": [],
        "bad_control_variables": [],